county_name,county_fips,year,dem_share,rep_share,margin,winner
Alameda,6001,2024,0.7457020153543701,0.2101620075622437,-0.5355400077921264,Democrat
Alpine,6003,2024,0.6490514905149052,0.32926829268292684,-0.31978319783197834,Democrat
Amador,6005,2024,0.3474088291746641,0.6257197696737045,0.27831094049904037,Republican
Butte,6007,2024,0.46774398240196285,0.49895300139599813,0.031209018994035276,Republican
Calaveras,6009,2024,0.34671450151057404,0.6278323262839879,0.28111782477341385,Republican
Colusa,6011,2024,0.34624697336561744,0.6286853724540664,0.282438399088449,Republican
Contra Costa,6013,2024,0.6731051381725228,0.29364119008364464,-0.3794639480888782,Democrat
Del Norte,6015,2024,0.40382430897387356,0.5678720181749337,0.16404770920106015,Republican
El Dorado,6017,2024,0.42633836804003933,0.5461524711770489,0.11981410313700958,Republican
Fresno,6019,2024,0.46512512500230063,0.5089786928593778,0.04385356785707717,Republican
Glenn,6021,2024,0.31220072782991765,0.6611760199195557,0.348975292089638,Republican
Humboldt,6023,2024,0.6196674347636545,0.33566357351933734,-0.28400386124431715,Democrat
Imperial,6025,2024,0.4827950023137436,0.49136510874595096,0.008570106432207347,Republican
Inyo,6027,2024,0.4693330354150374,0.4991621047927606,0.029829069377723172,Republican
Kern,6029,2024,0.38214484935356546,0.5926968077219096,0.21055195836834412,Republican
Kings,6031,2024,0.37394279655911905,0.604178212573191,0.230235416014072,Republican
Lake,6033,2024,0.47811951119249596,0.49183452296423635,0.013715011771740393,Republican
Lassen,6035,2024,0.21792278603464954,0.7579808284231818,0.5400580423885323,Republican
Los Angeles,6037,2024,0.648291893605534,0.3191324384251053,-0.32915945518042866,Democrat
Madera,6039,2024,0.3840985647334505,0.5921206795547744,0.20802211482132393,Republican
Marin,6041,2024,0.8059786417602853,0.16691068814055637,-0.639067953619729,Democrat
Mariposa,6043,2024,0.3809023030812914,0.5915448522452413,0.21064254916394992,Republican
Mendocino,6045,2024,0.6132445940432476,0.3449612403100775,-0.2682833537331701,Democrat
Merced,6047,2024,0.465205111584406,0.5087855356977498,0.043580424113343785,Republican
Modoc,6049,2024,0.250996015936255,0.7181274900398407,0.4671314741035857,Republican
Mono,6051,2024,0.5808047493403694,0.3782981530343008,-0.2025065963060686,Democrat
Monterey,6053,2024,0.6342780026990553,0.33551438814596707,-0.29876361455308825,Democrat
Napa,6055,2024,0.659232024897405,0.3105615646310394,-0.34867046026636556,Democrat
Nevada,6057,2024,0.543745573939355,0.4213126891135003,-0.12243288482585468,Democrat
Orange,6059,2024,0.497302951548026,0.47076310331316745,-0.026539848234858554,Democrat
Placer,6061,2024,0.44273430745840237,0.5278375190048081,0.08510321154640577,Republican
Plumas,6063,2024,0.3993245256779577,0.5686897784841561,0.16936525280619846,Republican
Riverside,6065,2024,0.4804121628447318,0.49306096841254565,0.012648805567813837,Republican
Sacramento,6067,2024,0.5810979157084855,0.3839933234443961,-0.19710459226408938,Democrat
San Benito,6069,2024,0.5489891135303266,0.42323411334948824,-0.1257550001808384,Democrat
San Bernardino,6071,2024,0.47539365168554076,0.49679538514455557,0.021401733459014805,Republican
San Diego,6073,2024,0.5693463058927342,0.40145866857582896,-0.1678876373169052,Democrat
San Francisco,6075,2024,0.8033447156569817,0.15533397524344605,-0.6480107404135357,Democrat
San Joaquin,6077,2024,0.4803220680317517,0.4892308975958676,0.008908829564115872,Republican
San Luis Obispo,6079,2024,0.5393391082870144,0.4306806574426595,-0.10865845084435488,Democrat
San Mateo,6081,2024,0.7350972739100179,0.23181144292154549,-0.5032858309884725,Democrat
Santa Barbara,6083,2024,0.6179736350594158,0.35118967057358635,-0.2667839644858295,Democrat
Santa Clara,6085,2024,0.680599067471713,0.2810697290764132,-0.39952933839529975,Democrat
Santa Cruz,6087,2024,0.7529578409811011,0.20858090729488948,-0.5443769336862117,Democrat
Shasta,6089,2024,0.3051743532058493,0.6697300337457818,0.3645556805399325,Republican
Sierra,6091,2024,0.3654503990877993,0.6077537058152793,0.24230330672748002,Republican
Siskiyou,6093,2024,0.38759365256642936,0.5798780771557541,0.19228442458932476,Republican
Solano,6095,2024,0.600508865640507,0.37056059504619826,-0.22994827059430872,Democrat
Sonoma,6097,2024,0.7143254874197577,0.25226507998377257,-0.4620604074359851,Democrat
Stanislaus,6099,2024,0.43219798249878466,0.5417780748663101,0.10958009236752547,Republican
Sutter,6101,2024,0.33089282082570676,0.6450071181614806,0.31411429733577384,Republican
Tehama,6103,2024,0.2794738429066787,0.6973842906678728,0.41791044776119407,Republican
Trinity,6105,2024,0.43383525243578386,0.5277236492471213,0.09388839681133748,Republican
Tulare,6107,2024,0.38490355895307043,0.5919824113516211,0.20707885239855067,Republican
Tuolumne,6109,2024,0.37865324540090245,0.5973620270739327,0.21870878167303026,Republican
Ventura,6111,2024,0.5609566686876766,0.4099665888362853,-0.1509900798513913,Democrat
Yolo,6113,2024,0.6631997321496074,0.30072686820248623,-0.36247286394712114,Democrat
Yuba,6115,2024,0.3566677751912205,0.6149318257399401,0.2582640505487196,Republican
Alameda,6001,2000,0.6936355029777318,0.2412913483946142,-0.4523441545831176,Democrat
Alpine,6003,2000,0.4522184300341297,0.47952218430034127,0.027303754266211566,Republican
Amador,6005,2000,0.38191929643041905,0.5668649767201241,0.1849456802897051,Republican
Butte,6007,2000,0.37431468807109325,0.544475101826304,0.17016041375521074,Republican
Calaveras,6009,2000,0.37576817122271666,0.5615066751430388,0.1857385039203221,Republican
Colusa,6011,2000,0.31216457960644006,0.6491949910554562,0.33703041144901613,Republican
Contra Costa,6013,2000,0.5880758523427301,0.3705927995847729,-0.21748305275795715,Democrat
Del Norte,6015,2000,0.3758138413310827,0.5456956836267182,0.16988184229563547,Republican
El Dorado,6017,2000,0.3634800931573694,0.5828573805034934,0.21937728734612405,Republican
Fresno,6019,2000,0.43045260035773314,0.531355989766115,0.10090338940838184,Republican
Glenn,6021,2000,0.2867638617839513,0.665250832281024,0.3784869704970727,Republican
Humboldt,6023,2000,0.4439898520688916,0.41483241620810407,-0.029157435860787506,Democrat
Imperial,6025,2000,0.5352662680996648,0.4328022946400802,-0.10246397345958463,Democrat
Inyo,6027,2000,0.3393474088291747,0.6030710172744722,0.2637236084452975,Republican
Kern,6029,2000,0.3620411611119644,0.6070112117954232,0.24497005068345878,Republican
Kings,6031,2000,0.3896594317981295,0.5779777660137639,0.18831833421563443,Republican
Lake,6033,2000,0.5123093838137578,0.41584205745972563,-0.09646732635403216,Democrat
Lassen,6035,2000,0.28169280181371625,0.6688078594369923,0.387115057623276,Republican
Los Angeles,6037,2000,0.6346594665833567,0.32351769138238484,-0.31114177520097186,Democrat
Madera,6039,2000,0.34885461895493336,0.6073663722114089,0.2585117532564755,Republican
Marin,6041,2000,0.6425642483049815,0.2831553733100564,-0.3594088749949251,Democrat
Mariposa,6043,2000,0.34877384196185285,0.5854594996284369,0.23668565766658406,Republican
Mendocino,6045,2000,0.48340598663179307,0.35664051147922116,-0.12676547515257192,Democrat
Merced,6047,2000,0.4507517156571066,0.5177119282795827,0.06696021262247609,Republican
Modoc,6049,2000,0.23009495982468955,0.7229121012904797,0.49281714146579014,Republican
Mono,6051,2000,0.40905971173644473,0.5252802562342713,0.1162205444978266,Republican
Monterey,6053,2000,0.5753058689400514,0.37232630557966206,-0.20297956336038936,Democrat
Napa,6055,2000,0.5432101152269739,0.3989057304152811,-0.14430438481169283,Democrat
Nevada,6057,2000,0.37216453590008214,0.5475683986604604,0.17540386276037823,Republican
Orange,6059,2000,0.4035605955268538,0.5575200457305297,0.1539594502036759,Republican
Placer,6061,2000,0.36035110654589597,0.5928318576558375,0.23248075110994149,Republican
Plumas,6063,2000,0.3324680319200077,0.6098452071916162,0.2773771752716085,Republican
Riverside,6065,2000,0.4490442824304464,0.5141678507382622,0.0651235683078158,Republican
Sacramento,6067,2000,0.49308770710230565,0.4532939404472251,-0.039793766655080554,Democrat
San Benito,6069,2000,0.5425108430871606,0.4167904462004634,-0.12572039688669717,Democrat
San Bernardino,6071,2000,0.47208684240030074,0.4874926631097863,0.01540582070948554,Republican
San Diego,6073,2000,0.45655171838261527,0.4962644763277747,0.03971275794515944,Republican
San Francisco,6075,2000,0.7554364481246834,0.16103269061184666,-0.5944037575128367,Democrat
San Joaquin,6077,2000,0.47701792046113645,0.4889589150855961,0.011940994624459633,Republican
San Luis Obispo,6079,2000,0.40892309387800085,0.5221883437723858,0.11326524989438491,Republican
San Mateo,6081,2000,0.6428590703896314,0.30954629740284273,-0.3333127729867887,Democrat
Santa Barbara,6083,2000,0.47369881399460556,0.4613225444268071,-0.01237626956779847,Democrat
Santa Clara,6085,2000,0.6065907842861809,0.344353245312691,-0.26223753897348984,Democrat
Santa Cruz,6087,2000,0.6148407937240424,0.2734379326257499,-0.34140286109829254,Democrat
Shasta,6089,2000,0.3024615292137533,0.6503666746814138,0.34790514546766055,Republican
Sierra,6091,2000,0.292365998917163,0.6345425013535463,0.3421765024363833,Republican
Siskiyou,6093,2000,0.3190372874514355,0.6154700035319642,0.29643271608052874,Republican
Solano,6095,2000,0.5702053364709455,0.39172581318556193,-0.17847952328538358,Democrat
Sonoma,6097,2000,0.5953879577271758,0.3224724120077561,-0.27291554571941967,Democrat
Stanislaus,6099,2000,0.44008201641887623,0.5238136075529949,0.08373159113411865,Republican
Sutter,6101,2000,0.31681975606083423,0.6531395874115344,0.3363198313507002,Republican
Tehama,6103,2000,0.3120264697420159,0.6363287618682267,0.3243022921262108,Republican
Trinity,6105,2000,0.3332758323270657,0.576160082801449,0.24288425047438333,Republican
Tulare,6107,2000,0.3674764523814826,0.6019951457391615,0.2345186933576789,Republican
Tuolumne,6109,2000,0.3944451468790829,0.5551481434652505,0.16070299658616766,Republican
Ventura,6111,2000,0.4713893566142657,0.48170093246359996,0.010311575849334287,Republican
Yolo,6113,2000,0.5493033400612019,0.3753011263754151,-0.17400221368578678,Democrat
Yuba,6115,2000,0.3438953308116823,0.6100328641408818,0.2661375333291995,Republican
Alameda,6001,2004,0.7536175282037015,0.2334603079491103,-0.5201572202545912,Democrat
Alpine,6003,2004,0.5336194563662375,0.4449213161659514,-0.08869814020028616,Democrat
Amador,6005,2004,0.3679720362580722,0.6208306179276023,0.2528585816695301,Republican
Butte,6007,2004,0.44339060949496006,0.5396354520290385,0.09624484253407845,Republican
Calaveras,6009,2004,0.3714695597597059,0.6097462566125706,0.23827669685286473,Republican
Colusa,6011,2004,0.3157638663639312,0.6717482971132014,0.35598443074927016,Republican
Contra Costa,6013,2004,0.6241923234636858,0.36543010974452794,-0.25876221371915786,Democrat
Del Norte,6015,2004,0.41311962636662775,0.568517142553869,0.15539751618724124,Republican
El Dorado,6017,2004,0.37369897308699784,0.612879297155706,0.23918032406870815,Republican
Fresno,6019,2004,0.4173571775368183,0.5744780708852565,0.1571208933484382,Republican
Glenn,6021,2004,0.3174350821409645,0.6685744568097509,0.3511393746687864,Republican
Humboldt,6023,2004,0.5798809342085178,0.3925202259197069,-0.1873607082888109,Democrat
Imperial,6025,2004,0.5387614855995676,0.44892286309937457,-0.08983862250019303,Democrat
Inyo,6027,2004,0.391422648354496,0.590697071780254,0.19927442342575802,Republican
Kern,6029,2004,0.32535165846209296,0.6659315748038964,0.34057991634180346,Republican
Kings,6031,2004,0.3375502446016265,0.654441778580999,0.3168915339793724,Republican
Lake,6033,2004,0.5328085434327865,0.4505669932841572,-0.08224155014862927,Democrat
Lassen,6035,2004,0.2761213604966337,0.7105010055084375,0.4343796450118038,Republican
Los Angeles,6037,2004,0.6313563430804459,0.35617165075867563,-0.27518469232177023,Democrat
Madera,6039,2004,0.3476276431150077,0.6413357400722022,0.29370809695719446,Republican
Marin,6041,2004,0.7342924273082367,0.25480473469266746,-0.4794876926155693,Democrat
Mariposa,6043,2004,0.37636026858069,0.6037277147487844,0.2273674461680944,Republican
Mendocino,6045,2004,0.6387019041881663,0.33932266429188823,-0.29937923989627807,Democrat
Merced,6047,2004,0.4226594184140133,0.5655880576408664,0.14292863922685312,Republican
Modoc,6049,2004,0.25785457809694795,0.7259874326750448,0.4681328545780969,Republican
Mono,6051,2004,0.4930581613508443,0.49174484052532835,-0.00131332082551594,Democrat
Monterey,6053,2004,0.6041318730729702,0.38410521582733814,-0.22002665724563208,Democrat
Napa,6055,2004,0.5962277517045957,0.390666784733906,-0.20556096697068976,Democrat
Nevada,6057,2004,0.45069688680474146,0.5357375462885428,0.0850406594838013,Republican
Orange,6059,2004,0.39060892801240293,0.5980009242557505,0.20739199624334753,Republican
Placer,6061,2004,0.3633528392559417,0.6274739285364019,0.26412108928046024,Republican
Plumas,6063,2004,0.36938629450706745,0.6177312578278762,0.24834496332080874,Republican
Riverside,6065,2004,0.41086980724821415,0.5790688152965978,0.16819900804838367,Republican
Sacramento,6067,2004,0.4963808165448387,0.4940358457521001,-0.0023449707927385988,Democrat
San Benito,6069,2004,0.5260881174899866,0.46451268357810416,-0.06157543391188247,Democrat
San Bernardino,6071,2004,0.4357288097984418,0.5534023111192726,0.11767350132083082,Republican
San Diego,6073,2004,0.46440052082598204,0.5257951770667194,0.061394656240737366,Republican
San Francisco,6075,2004,0.8337955041595374,0.1527130410840364,-0.681082463075501,Democrat
San Joaquin,6077,2004,0.4591541120287064,0.532851375953141,0.07369726392443465,Republican
San Luis Obispo,6079,2004,0.4566138347571261,0.5285393363234276,0.07192550156630156,Republican
San Mateo,6081,2004,0.696719551389236,0.29328315914347164,-0.4034363922457644,Democrat
Santa Barbara,6083,2004,0.5340073909830008,0.45413747228381374,-0.07986991869918703,Democrat
Santa Clara,6085,2004,0.6407086459989313,0.3469783310709675,-0.2937303149279638,Democrat
Santa Cruz,6087,2004,0.7319461444308446,0.24934898507389122,-0.48259715935695335,Democrat
Shasta,6089,2004,0.31376416444289745,0.6735635740160627,0.35979940957316525,Republican
Sierra,6091,2004,0.33213367609254496,0.642159383033419,0.31002570694087406,Republican
Siskiyou,6093,2004,0.37770215213535924,0.6074390068542396,0.22973685471888033,Republican
Solano,6095,2004,0.5720893334946822,0.41884151506595135,-0.1532478184287308,Democrat
Sonoma,6097,2004,0.6736778491164456,0.30990971341848533,-0.36376813569796024,Democrat
Stanislaus,6099,2004,0.40428412386437046,0.5869332160479404,0.1826490921835699,Republican
Sutter,6101,2004,0.3185271189251949,0.6718858848896998,0.3533587659645049,Republican
Tehama,6103,2004,0.3206152531510361,0.6653279213843196,0.3447126682332835,Republican
Trinity,6105,2004,0.42938725111899984,0.5494675104182745,0.12008025929927463,Republican
Tulare,6107,2004,0.3290898226637904,0.6623421343136957,0.3332523116499053,Republican
Tuolumne,6109,2004,0.3858255689628838,0.6012295707957843,0.21540400183290054,Republican
Ventura,6111,2004,0.4757261695892416,0.5123342569245372,0.03660808733529558,Republican
Yolo,6113,2004,0.5955505561804775,0.38890971961838106,-0.20664083656209642,Democrat
Yuba,6115,2004,0.3155937846836848,0.6701442841287458,0.354550499445061,Republican
Alameda,6001,2008,0.7875735271621777,0.1925111387712973,-0.5950623883908803,Democrat
Alpine,6003,2008,0.6098265895953757,0.36416184971098264,-0.24566473988439308,Democrat
Amador,6005,2008,0.41536416799574694,0.5614566719829878,0.14609250398724083,Republican
Butte,6007,2008,0.4984795321637427,0.4750165268243071,-0.023463005339435572,Democrat
Calaveras,6009,2008,0.4210503732944306,0.5507165536771647,0.12966618038273403,Republican
Colusa,6011,2008,0.3995955825167211,0.5806501788769638,0.18105459636024268,Republican
Contra Costa,6013,2008,0.6796922395660356,0.3020834717148234,-0.3776087678512122,Democrat
Del Norte,6015,2008,0.45357255272269437,0.5211415381387052,0.06756898541601086,Republican
El Dorado,6017,2008,0.4361427372317758,0.5414415771689302,0.10529883993715433,Republican
Fresno,6019,2008,0.50206214720389,0.48116155996018933,-0.02090058724370064,Democrat
Glenn,6021,2008,0.3779734790970746,0.5982386881263285,0.2202652090292539,Republican
Humboldt,6023,2008,0.6228443203037959,0.3407190045035856,-0.2821253158002103,Democrat
Imperial,6025,2008,0.6224111282843895,0.36084492529623907,-0.2615662029881504,Democrat
Inyo,6027,2008,0.438649947263565,0.5300597679596859,0.09140982069612091,Republican
Kern,6029,2008,0.40136139145372557,0.5788834013313292,0.17752200987760364,Republican
Kings,6031,2008,0.42004671299988605,0.561410504728267,0.14136379172838098,Republican
Lake,6033,2008,0.5815519536449769,0.3889671912927727,-0.19258476235220423,Democrat
Lassen,6035,2008,0.3149205234038816,0.6571528936506542,0.3422323702467726,Republican
Los Angeles,6037,2008,0.6918871042791256,0.28823192238795897,-0.4036551818911666,Democrat
Madera,6039,2008,0.4238460630386023,0.5567937669696612,0.13294770393105892,Republican
Marin,6041,2008,0.7797599092705265,0.20245796985670164,-0.5773019394138249,Democrat
Mariposa,6043,2008,0.4248264428556626,0.5489586571339757,0.12413221427831311,Republican
Mendocino,6045,2008,0.695796681327469,0.2679178328668533,-0.4278788484606157,Democrat
Merced,6047,2008,0.5333343781344032,0.4498495486459378,-0.08348482948846542,Democrat
Modoc,6049,2008,0.29705882352941176,0.6744343891402715,0.3773755656108598,Republican
Mono,6051,2008,0.5551965535810447,0.422545323999282,-0.13265122958176268,Democrat
Monterey,6053,2008,0.6815453487744928,0.2989374571399952,-0.3826078916344976,Democrat
Napa,6055,2008,0.6513698400456055,0.32668253915026324,-0.32468730089534226,Democrat
Nevada,6057,2008,0.5142595288155696,0.4611749061045519,-0.05308462271101766,Democrat
Orange,6059,2008,0.47634930444739343,0.5019246988134564,0.02557539436606293,Republican
Placer,6061,2008,0.433905041390585,0.5467543195826858,0.11284927819210083,Republican
Plumas,6063,2008,0.4275480594849474,0.5472433804860355,0.1196953210010881,Republican
Riverside,6065,2008,0.5021126249229491,0.47897648536456877,-0.023136139558380286,Democrat
Sacramento,6067,2008,0.5849296157279325,0.39471928530902733,-0.19021033041890512,Democrat
San Benito,6069,2008,0.604770362852068,0.3768079167723928,-0.2279624460796752,Democrat
San Bernardino,6071,2008,0.5207031108267061,0.4575168141651301,-0.06318629666157594,Democrat
San Diego,6073,2008,0.5414748583928964,0.43948931275572745,-0.101985545637169,Democrat
San Francisco,6075,2008,0.8416021312995442,0.13658077912580152,-0.7050213521737427,Democrat
San Joaquin,6077,2008,0.5444210385528472,0.4375803084800978,-0.10684073007274936,Democrat
San Luis Obispo,6079,2008,0.5139423910503343,0.4602609816589146,-0.05368140939141974,Democrat
San Mateo,6081,2008,0.734691320575551,0.2474743811244609,-0.48721693945109007,Democrat
Santa Barbara,6083,2008,0.6038122027076472,0.3749599798755946,-0.22885222283205264,Democrat
Santa Clara,6085,2008,0.6944841336019676,0.2855200431497516,-0.408964090452216,Democrat
Santa Cruz,6087,2008,0.7745738647505942,0.1980185593373234,-0.5765553054132708,Democrat
Shasta,6089,2008,0.35908695111332256,0.6168428909068292,0.25775593979350664,Republican
Sierra,6091,2008,0.37317930688096435,0.5816172777498745,0.20843797086891014,Republican
Siskiyou,6093,2008,0.4327899394503959,0.5365626455519329,0.103772706101537,Republican
Solano,6095,2008,0.634236797475353,0.3481018555906891,-0.2861349418846639,Democrat
Sonoma,6097,2008,0.7363735061107212,0.24036084429542492,-0.49601266181529624,Democrat
Stanislaus,6099,2008,0.49858087755799146,0.4813029841940192,-0.017277893363972285,Democrat
Sutter,6101,2008,0.40715218117239915,0.5740870040375217,0.1669348228651225,Republican
Tehama,6103,2008,0.3660582746767065,0.6074234735635947,0.24136519888688823,Republican
Trinity,6105,2008,0.5072168183244431,0.4612488233448384,-0.04596799497960469,Democrat
Tulare,6107,2008,0.41474820827709447,0.5680759652491303,0.15332775697203582,Republican
Tuolumne,6109,2008,0.4242669511791325,0.5514145910746477,0.12714763989551525,Republican
Ventura,6111,2008,0.5520924072984108,0.4292319011183049,-0.12286050618010591,Democrat
Yolo,6113,2008,0.6707043348505938,0.30836750304079047,-0.3623368318098033,Democrat
Yuba,6115,2008,0.4142797065557684,0.5610485491332181,0.1467688425774497,Republican
Alameda,6001,2012,0.7885340523334486,0.1816225182240339,-0.6069115341094147,Democrat
Alpine,6003,2012,0.5957120980091883,0.3614088820826952,-0.2343032159264931,Democrat
Amador,6005,2012,0.3869907643492549,0.5825259221485637,0.1955351577993088,Republican
Butte,6007,2012,0.4701714562764457,0.4901159203102962,0.01994446403385053,Republican
Calaveras,6009,2012,0.3979619939410631,0.5675663269989901,0.16960433305792705,Republican
Colusa,6011,2012,0.3834935366257872,0.5967848856479947,0.21329134902220748,Republican
Contra Costa,6013,2012,0.6636393093974342,0.31152190878679037,-0.35211740061064384,Democrat
Del Norte,6015,2012,0.4322690992018244,0.5261117445838084,0.093842645381984,Republican
El Dorado,6017,2012,0.39612949737535763,0.5741883884921261,0.17805889111676843,Republican
Fresno,6019,2012,0.4989008101936815,0.48097764143617167,-0.017923168757509822,Democrat
Glenn,6021,2012,0.35837585495603086,0.61144284008251,0.2530669851264792,Republican
Humboldt,6023,2012,0.5995649904297895,0.3275622063685401,-0.2720027840612494,Democrat
Imperial,6025,2012,0.6517827045248282,0.3313107740178919,-0.32047193050693634,Democrat
Inyo,6027,2012,0.4258337481333997,0.5400696864111498,0.11423593827775014,Republican
Kern,6029,2012,0.4040917136251987,0.571711096662332,0.1676193830371333,Republican
Kings,6031,2012,0.4131071360366669,0.5624482780571647,0.1493411420204978,Republican
Lake,6033,2012,0.5627378051387286,0.39331366764995085,-0.16942413748877777,Democrat
Lassen,6035,2012,0.2857811476177104,0.6829542263409155,0.3971730787232051,Republican
Los Angeles,6037,2012,0.6969054722833565,0.27831322006106757,-0.41859225222228896,Democrat
Madera,6039,2012,0.4017960166557969,0.5732202879646817,0.17142427130888482,Republican
Marin,6041,2012,0.7426328466502126,0.229563769365726,-0.5130690772844866,Democrat
Mariposa,6043,2012,0.38866666666666666,0.5711111111111111,0.18244444444444446,Republican
Mendocino,6045,2012,0.6623354370734215,0.27580889282348575,-0.3865265442499357,Democrat
Merced,6047,2012,0.5318497510353385,0.4444462349130638,-0.0874035161222747,Democrat
Modoc,6049,2012,0.2787255393878575,0.6966884094330156,0.4179628700451581,Republican
Mono,6051,2012,0.527504342790967,0.44103454931480407,-0.08646979347616296,Democrat
Monterey,6053,2012,0.6713191599604916,0.30270891691899154,-0.3686102430415001,Democrat
Napa,6055,2012,0.6296517343069794,0.34275382670973176,-0.28689790759724765,Democrat
Nevada,6057,2012,0.4772621719947364,0.48351265577831104,0.006250483783574623,Republican
Orange,6059,2012,0.45645001532070145,0.5187055076140323,0.06225549229333088,Republican
Placer,6061,2012,0.39001412544798686,0.5832350778067031,0.19322095235871628,Republican
Plumas,6063,2012,0.40071663183039713,0.5694237085697224,0.16870707673932522,Republican
Riverside,6065,2012,0.49714385857831994,0.48062190005544586,-0.01652195852287408,Democrat
Sacramento,6067,2012,0.5814585272315305,0.39185463101455276,-0.1896038962169777,Democrat
San Benito,6069,2012,0.5921024994749002,0.3855807603444654,-0.2065217391304348,Democrat
San Bernardino,6071,2012,0.5246776964387971,0.4511613589972434,-0.07351633744155373,Democrat
San Diego,6073,2012,0.5258462343640179,0.4501669906951543,-0.07567924366886358,Democrat
San Francisco,6075,2012,0.835314180986631,0.1303289785138244,-0.7049852024728066,Democrat
San Joaquin,6077,2012,0.5575118345652355,0.4204800265758658,-0.13703180798936965,Democrat
San Luis Obispo,6079,2012,0.48757541508142443,0.4772998615068689,-0.010275553574555507,Democrat
San Mateo,6081,2012,0.7212830743385132,0.25464090718185634,-0.4666421671566569,Democrat
Santa Barbara,6083,2012,0.5763470487386726,0.3955792309576292,-0.1807678177810434,Democrat
Santa Clara,6085,2012,0.7010174298816186,0.27187909642647773,-0.4291383334551409,Democrat
Santa Cruz,6087,2012,0.7561097464507265,0.20023314875723386,-0.5558765976934926,Democrat
Shasta,6089,2012,0.3382327896770813,0.6296849413768258,0.29145215169974453,Republican
Sierra,6091,2012,0.3637883008356546,0.5883008356545961,0.2245125348189415,Republican
Siskiyou,6093,2012,0.40411853340030135,0.556353591160221,0.15223505775991963,Republican
Solano,6095,2012,0.6348757576552702,0.3417123665083572,-0.293163391146913,Democrat
Sonoma,6097,2012,0.7110222255066787,0.2530345299018974,-0.4579876956047813,Democrat
Stanislaus,6099,2012,0.5002542334699972,0.47280345500067583,-0.02745077846932137,Democrat
Sutter,6101,2012,0.39296074260297814,0.5840907625862181,0.19113001998323992,Republican
Tehama,6103,2012,0.3453018235626931,0.6195325760543152,0.2742307524916221,Republican
Trinity,6105,2012,0.4712724709199859,0.4786746563271061,0.0074021854071201765,Republican
Tulare,6107,2012,0.41297725024727994,0.5633630069238378,0.15038575667655785,Republican
Tuolumne,6109,2012,0.4049904808198647,0.5622392352250172,0.15724875440515246,Republican
Ventura,6111,2012,0.5227602194669912,0.45250692715628765,-0.0702532923107036,Democrat
Yolo,6113,2012,0.6541121181604566,0.31376972138301445,-0.3403423967774421,Democrat
Yuba,6115,2012,0.3914213197969543,0.5723350253807107,0.18091370558375636,Republican
Alameda,6001,2016,0.7869001293052061,0.14661009436528874,-0.6402900349399174,Democrat
Alpine,6003,2016,0.5548172757475083,0.36046511627906974,-0.19435215946843853,Democrat
Amador,6005,2016,0.33855870080072176,0.5912371715349047,0.252678470734183,Republican
Butte,6007,2016,0.4349650496002679,0.47239546272654975,0.03743041312628187,Republican
Calaveras,6009,2016,0.3433609958506224,0.583981673582296,0.24062067773167362,Republican
Colusa,6011,2016,0.4012364294330519,0.5354342581423401,0.13419782870928826,Republican
Contra Costa,6013,2016,0.684908028101035,0.24873920737920308,-0.43616882072183194,Democrat
Del Norte,6015,2016,0.36461602845783636,0.5371416614354467,0.17252563297761037,Republican
El Dorado,6017,2016,0.3889690247993931,0.5261937579468111,0.137224733147418,Republican
Fresno,6019,2016,0.500642889780709,0.43939302703679173,-0.061249862743917305,Democrat
Glenn,6021,2016,0.3236536430834213,0.6111932418162619,0.2875395987328406,Republican
Humboldt,6023,2016,0.5603753839921682,0.3101137629544611,-0.25026162103770716,Democrat
Imperial,6025,2016,0.6792747083653906,0.26416585223846456,-0.41510885612692605,Democrat
Inyo,6027,2016,0.39018055899084836,0.5253524610437794,0.13517190205293106,Republican
Kern,6029,2016,0.4041931005107244,0.530727423893055,0.12653432338233067,Republican
Kings,6031,2016,0.40150375939849625,0.5334807607253428,0.13197700132684653,Republican
Lake,6033,2016,0.46930111038536904,0.4326828870019595,-0.03661822338340953,Democrat
Lassen,6035,2016,0.2113264918282022,0.7196883314329152,0.508361839604713,Republican
Los Angeles,6037,2016,0.7175722154215638,0.22413336252892868,-0.4934388528926351,Democrat
Madera,6039,2016,0.3949944331044721,0.5417749118574875,0.14678047875301542,Republican
Marin,6041,2016,0.7805317613607806,0.15631888449304604,-0.6242128768677346,Democrat
Mariposa,6043,2016,0.3516953925875859,0.5840937253576659,0.23239833277007999,Republican
Mendocino,6045,2016,0.5891346692638152,0.29052485524455,-0.2986098140192652,Democrat
Merced,6047,2016,0.5271581742926161,0.4057833844241337,-0.12137478986848244,Democrat
Modoc,6049,2016,0.23152059134107708,0.7117212249208026,0.48020063357972553,Republican
Mono,6051,2016,0.525587566338135,0.4001137225170584,-0.12547384382107657,Democrat
Monterey,6053,2016,0.6677860398177021,0.2615660230271048,-0.4062200167905973,Democrat
Napa,6055,2016,0.6387114645115036,0.28369614808055793,-0.3550153164309457,Democrat
Nevada,6057,2016,0.47425138800400474,0.4253208337125694,-0.048930554291435335,Democrat
Orange,6059,2016,0.5093530718876746,0.4234982100522663,-0.08585486183540836,Democrat
Placer,6061,2016,0.40204223387789256,0.5203375647427518,0.11829533086485927,Republican
Plumas,6063,2016,0.357482430756511,0.5601488218272013,0.2026663910706903,Republican
Riverside,6065,2016,0.49733760452281167,0.4435014526391719,-0.05383615188363977,Democrat
Sacramento,6067,2016,0.5828813044177855,0.3393148946060465,-0.243566409811739,Democrat
San Benito,6069,2016,0.571109286626528,0.3576445904032111,-0.21346469622331693,Democrat
San Bernardino,6071,2016,0.5211649232472404,0.4147508421472729,-0.10641408109996747,Democrat
San Diego,6073,2016,0.5629791794243724,0.3657118799755052,-0.19726729944886717,Democrat
San Francisco,6075,2016,0.8503962621244381,0.09287516757353521,-0.7575210945509029,Democrat
San Joaquin,6077,2016,0.5403317184586423,0.39674170034706424,-0.143590018111578,Democrat
San Luis Obispo,6079,2016,0.4970557518387663,0.416001896169885,-0.08105385566888135,Democrat
San Mateo,6081,2016,0.7566606443075984,0.1842619217262965,-0.5723987225813019,Democrat
Santa Barbara,6083,2016,0.6060547780932879,0.3188318079485932,-0.28722297014469467,Democrat
Santa Clara,6085,2016,0.7271244221688227,0.20580381947651658,-0.5213206026923061,Democrat
Santa Cruz,6087,2016,0.7393903167961745,0.17417967567399725,-0.5652106411221772,Democrat
Shasta,6089,2016,0.2785779421133499,0.6467964973205251,0.3682185552071752,Republican
Sierra,6091,2016,0.3284153005464481,0.5726775956284152,0.24426229508196717,Republican
Siskiyou,6093,2016,0.35301581104821395,0.5534354870193247,0.2004196759711107,Republican
Solano,6095,2016,0.6162070397861696,0.31255831873483714,-0.3036487210513325,Democrat
Sonoma,6097,2016,0.6937639727917043,0.22230198094727419,-0.47146199184443016,Democrat
Stanislaus,6099,2016,0.474289266088088,0.455973417912702,-0.018315848175386007,Democrat
Sutter,6101,2016,0.390060555439549,0.5421949109566566,0.15213435551710763,Republican
Tehama,6103,2016,0.28480006692320564,0.6480675924376778,0.3632675255144721,Republican
Trinity,6105,2016,0.38937741822018995,0.4945480126626803,0.10517059444249033,Republican
Tulare,6107,2016,0.42360282728292414,0.5189791158509445,0.09537628856802033,Republican
Tuolumne,6109,2016,0.35735829840573463,0.5699792392964863,0.21262094089075168,Republican
Ventura,6111,2016,0.5527086425228729,0.3762104592779607,-0.17649818324491218,Democrat
Yolo,6113,2016,0.6669752710439761,0.25263734925082226,-0.4143379217931539,Democrat
Yuba,6115,2016,0.3439429515610053,0.5726584920427863,0.228715540481781,Republican
Alameda,6001,2020,0.8020816289428234,0.17700858363525393,-0.6250730453075695,Democrat
Alpine,6003,2020,0.6423751686909581,0.3292847503373819,-0.3130904183535762,Democrat
Amador,6005,2020,0.36553981348637016,0.6090835724533716,0.24354375896700148,Republican
Butte,6007,2020,0.4940528677522387,0.4774361687535516,-0.01661669899868712,Democrat
Calaveras,6009,2020,0.36982771314975704,0.6080842291267855,0.23825651597702846,Republican
Colusa,6011,2020,0.4068584348699912,0.5726667504082402,0.16580831553824904,Republican
Contra Costa,6013,2020,0.7162816781234302,0.26298433210164524,-0.453297346021785,Democrat
Del Norte,6015,2020,0.40836462062341744,0.5641316685584563,0.15576704793503887,Republican
El Dorado,6017,2020,0.44439948691018344,0.5323565113336031,0.08795702442341963,Republican
Fresno,6019,2020,0.528955899560722,0.4506887867652096,-0.07826711279551235,Democrat
Glenn,6021,2020,0.35363370806408784,0.6252102328051695,0.2715765247410817,Republican
Humboldt,6023,2020,0.6502912423921096,0.316226776869108,-0.33406446552300156,Democrat
Imperial,6025,2020,0.6111414623830252,0.36739333486068765,-0.2437481275223376,Democrat
Inyo,6027,2020,0.4886123998312948,0.48713622943905527,-0.0014761703922395175,Democrat
Kern,6029,2020,0.43684734614729503,0.5387759915097677,0.1019286453624727,Republican
Kings,6031,2020,0.42632406921866806,0.548824696199357,0.12250062698068898,Republican
Lake,6033,2020,0.5185686519505761,0.4554699430792725,-0.06309870887130359,Democrat
Lassen,6035,2020,0.23350296154167013,0.7483106698923834,0.5148077083507132,Republican
Los Angeles,6037,2020,0.7102780836068208,0.26862850623715373,-0.44164957736966703,Democrat
Madera,6039,2020,0.43117695228169434,0.5467505397156257,0.11557358743393137,Republican
Marin,6041,2020,0.8232561124302125,0.15794134633895912,-0.6653147660912533,Democrat
Mariposa,6043,2020,0.3976653696498054,0.5787937743190662,0.18112840466926078,Republican
Mendocino,6045,2020,0.6640978311029072,0.30611444393170284,-0.35798338717120437,Democrat
Merced,6047,2020,0.5410142014709455,0.4350663692382446,-0.10594783223270088,Democrat
Modoc,6049,2020,0.2647939212525904,0.7158646097167857,0.4510706884641953,Republican
Mono,6051,2020,0.5955773226476699,0.37295933511427726,-0.22261798753339268,Democrat
Monterey,6053,2020,0.6951617527741684,0.28244358631796634,-0.412718166456202,Democrat
Napa,6055,2020,0.6904643104643104,0.28656964656964656,-0.4038946638946639,Democrat
Nevada,6057,2020,0.5615289575289575,0.41357528957528955,-0.14795366795366793,Democrat
Orange,6059,2020,0.534788810029216,0.4444466343825984,-0.09034217564661756,Democrat
Placer,6061,2020,0.4545992070919331,0.5210392880842593,0.06644008099232618,Republican
Plumas,6063,2020,0.4050621669626998,0.572380106571936,0.16731793960923624,Republican
Riverside,6065,2020,0.5298468845396307,0.4504250087248134,-0.0794218758148173,Democrat
Sacramento,6067,2020,0.6135627192249875,0.3610670341295028,-0.2524956850954847,Democrat
San Benito,6069,2020,0.6114464099895942,0.3673257023933403,-0.24412070759625393,Democrat
San Bernardino,6071,2020,0.541960220179996,0.4354344750514189,-0.1065257451285771,Democrat
San Diego,6073,2020,0.6020998125635477,0.3745570776141705,-0.2275427349493772,Democrat
San Francisco,6075,2020,0.8525610242744385,0.1271933680980627,-0.7253676561763758,Democrat
San Joaquin,6077,2020,0.5585492838622909,0.419762073125078,-0.13878721073721284,Democrat
San Luis Obispo,6079,2020,0.5529258549657513,0.4222297356524788,-0.13069611931327252,Democrat
San Mateo,6081,2020,0.778878346350444,0.20196071620383113,-0.5769176301466128,Democrat
Santa Barbara,6083,2020,0.6487154273506407,0.328123830107967,-0.3205915972426737,Democrat
Santa Clara,6085,2020,0.726386761658366,0.2522647903415963,-0.4741219713167697,Democrat
Santa Cruz,6087,2020,0.7887901572112098,0.18598148263220032,-0.6028086745790096,Democrat
Shasta,6089,2020,0.3228236306897665,0.6541375228666738,0.3313138921769073,Republican
Sierra,6091,2020,0.3780424650440186,0.5914034179181771,0.21336095287415846,Republican
Siskiyou,6093,2020,0.40869972733469667,0.5662065439672802,0.15750681663258354,Republican
Solano,6095,2020,0.6394060531288099,0.33663789544242434,-0.3027681576863856,Democrat
Sonoma,6097,2020,0.7451559163228569,0.23041775213646545,-0.5147381641863915,Democrat
Stanislaus,6099,2020,0.49238906928924325,0.484499009090317,-0.007890060198926241,Democrat
Sutter,6101,2020,0.4072554169402495,0.571592721133102,0.16433730419285247,Republican
Tehama,6103,2020,0.3101527966308169,0.6662141937280289,0.356061397097212,Republican
Trinity,6105,2020,0.4555040741332481,0.5093465409809874,0.0538424668477393,Republican
Tulare,6107,2020,0.45004595431800387,0.5281614868774892,0.07811553255948533,Republican
Tuolumne,6109,2020,0.39390949750065773,0.5817219152854513,0.18781241778479352,Republican
Ventura,6111,2020,0.5945438420150181,0.38362679595577365,-0.21091704605924444,Democrat
Yolo,6113,2020,0.6947807675704566,0.2805106173042531,-0.4142701502662035,Democrat
Yuba,6115,2020,0.376896227681568,0.5932339911397503,0.2163377634581823,Republican
